<?xml version="1.0" encoding="utf-8"?>
<!DOCTYPE install PUBLIC "-//Joomla! 2.5//DTD template 1.0//EN" "http://www.joomla.org/xml/dtd/2.5/template-install.dtd">

<extension version="3.3" type="template" client="site">
	<name>SV 08 Ludweiler</name>
	<version>1.1</version>
	<creationDate>30/8/2016</creationDate>
	<author>Philipp Schardt</author>
	<authorEmail>philipp.schardt@sv08ludweiler.de</authorEmail>
	<copyright>Copyright (C) 2016 SV 08 Ludweiler, LLC. All rights reserved.</copyright>
	<description>TPL_JOOMBOOT_XML_DESCRIPTION</description>
	<files>
		<filename>component.php</filename>
		<filename>error.php</filename>
		<filename>favicon.ico</filename>
		<filename>index.php</filename>
		<filename>offline.php</filename>
		<filename>template_preview.png</filename>
		<filename>template_thumbnail.png</filename>
		<filename>templateDetails.xml</filename>
		<folder>css</folder>
		<folder>fonts</folder>
		<folder>html</folder>
		<folder>img</folder>
		<folder>js</folder>
		<folder>language</folder>
		<folder>scss</folder>
	</files>
	<positions>
		<position>language</position>
		<position>navbar</position>
		<position>navbar-extended</position>
		<position>search-pos</position>
		<position>teaser-big</position>
		<position>teaser-big-no-style</position>
		<position>sub-navbar</position>
		<position>highlight-top</position>
		<position>teaser-small</position>
		<position>sub-component-top</position>
		<position>sub-component-bottom</position>
		<position>left</position>
		<position>right</position>
		<position>banner-partner</position>
		<position>banner-social-media</position>
		<position>sub-footer</position>
		<position>footer</position>
		<position>footer-menu</position>
	</positions>
	<languages folder="language">
		<language tag="en-GB">en-GB/en-GB.tpl_joomboot.ini</language>
		<language tag="en-GB">en-GB/en-GB.tpl_joomboot.sys.ini</language>
	</languages>
	<config>
		<fields name="params">
			<fieldset name="advanced">

			</fieldset>
		</fields>
	</config>
</extension>
